raw_name,row_count
01 Aster Bank,1840
ASTER BK N.A.,612
"Aster Bank, N.A.",95
Aster Savings,40
Aster Bank Auto Finance,27
Aster Bank/Retail,6
Blue Harbor Credit Inc,930
BHC Card Svcs,210
Blue Harbour Credit,18
Cedar Fin,455
Cedar Financial LLC Installment Loan,77
Northwind Capital,390
Riverstone Collections DBA NWC,64
Northwind Capitol,11
Orion Funding,720
07 Orion Funding LLC,140
Orion Fundng,9
Orion Funding Group,22
Riverbend Lending,305
Riverbend Lending [IA],48
Riverbend Lendng,5
River Bend Lending,14
Northstar Services,45
Green Dot Bank,31
Green Lawn Fertilizing,3
Kestrel Medical Billing,2
